<?xml version="1.0" encoding="UTF-8"?>
<prodotti xmlns="http://www.lweb.uni/tesina-rcstore/prodotti/">
  <prodotto id="1">
    <marca>Tsunami Nutrition</marca>
    <nome>BLP99.9 8:1:1 Pure Professional</nome>
    <descrizione>Pool di aminoacidi essenziali in rapporto 8:1:1 brevetto Sustamine® e qualità certificata Kyowa Quality®.</descrizione>
    <costo>39.95</costo>
    <categoria>1</categoria>
    <quantita>110</quantita>
  </prodotto>
  <prodotto id="2">
    <marca>Tsunami Nutrition</marca>
    <nome>Omega Pure</nome>
    <descrizione>Integratore alimentare di Omega 3 per fornire acidi grassi per la salute di pelle, ossa e cardiovascolare.</descrizione>
    <costo>19.99</costo>
    <categoria>1</categoria>
    <quantita>26</quantita>
  </prodotto>
  <prodotto id="3">
    <marca>Optimum Nutrition</marca>
    <nome>100% Whey 2,28kg</nome>
    <descrizione>Proteine del Siero del latte per il supporto e recupero muscolare post-allenamento. </descrizione>
    <costo>100.99</costo>
    <categoria>1</categoria>
    <quantita>7</quantita>
  </prodotto>
  <prodotto id="4">
    <marca>Net integratori</marca>
    <nome>Isolate-pro grass-fed 700g</nome>
    <descrizione>Proteine isolate del siero di latte certificate Grass-Fed Isolac®.</descrizione>
    <costo>52.00</costo>
    <categoria>1</categoria>
    <quantita>54</quantita>
  </prodotto>
  <prodotto id="5">
    <marca>Mars Protein</marca>
    <nome>Snickers hi protein 62g</nome>
    <descrizione>Snickers Hi Protein 62 grammi, Barretta Proteica con la consistenza e il gusto del classico Snickers.</descrizione>
    <costo>2.70</costo>
    <categoria>2</categoria>
    <quantita>31</quantita>
  </prodotto>
  <prodotto id="6">
    <marca>BioTechUSA</marca>
    <nome>Iso Whey Zero</nome>
    <descrizione>Proteine Isolate del Siero del Latte per favorire la crescita muscolare.</descrizione>
    <costo>49.87</costo>
    <categoria>1</categoria>
    <quantita>54</quantita>
  </prodotto>
  <prodotto id="7">
    <marca>+Watt</marca>
    <nome>Choco Egg 40gg</nome>
    <descrizione>Deliziosa barretta ricoperta di cioccolato fondente con elevato contenuto di proteine dell'uovo.</descrizione>
    <costo>2.40</costo>
    <categoria>2</categoria>
    <quantita>54</quantita>
  </prodotto>
  <prodotto id="8">
    <marca>Net integratori</marca>
    <nome>Vb whey 104 9.8 - 450g</nome>
    <descrizione>integratore alimentare di proteine in polvere, formulato per un rapido assorbimento. Favorisce il recupero post workout e la crescita della massa muscolare. Con Optipep® 90 Pro, dolcificato con Citrosa®.</descrizione>
    <costo>46.00</costo>
    <categoria>1</categoria>
    <quantita>54</quantita>
  </prodotto>
  <prodotto id="9">
    <marca>Net integratori</marca>
    <nome>Vb whey 104 9.8 - 900g</nome>
    <descrizione>Proteine del siero del latte Idrolizzate. GLUTEN FREE</descrizione>
    <costo>76.00</costo>
    <categoria>1</categoria>
    <quantita>54</quantita>
  </prodotto>
  <prodotto id="10">
    <marca>Tsunami Nutrition</marca>
    <nome>Whey 80 professional 2000g</nome>
    <descrizione>Proteine del siero del latte concentrate LACTOMIN®. SENZA GLUTINE, SENZA LATTOSIO.</descrizione>
    <costo>70.99</costo>
    <categoria>1</categoria>
    <quantita>0</quantita>
  </prodotto>
  <prodotto id="11">
    <marca>Mars protein</marca>
    <nome>Mars protein 57g</nome>
    <descrizione>Barretta proteica con l'inconfondibile gusto Mars.</descrizione>
    <costo>2.99</costo>
    <categoria>2</categoria>
    <quantita>14</quantita>
  </prodotto>
  <prodotto id="12">
    <marca>Tsunami Nutrition</marca>
    <nome>Hydro Purebar 55g</nome>
    <descrizione>Barrette proteiche a base di proteine del siero del latte idrolizzate con BCAA 8:1:1 e ZMA.</descrizione>
    <costo>5.00</costo>
    <categoria>2</categoria>
    <quantita>54</quantita>
  </prodotto>
  <prodotto id="13">
    <marca>Grenade</marca>
    <nome>Grenade Carb Killa 60g</nome>
    <descrizione>Barretta proteica con pochi carboidrati e ricca di amminoacidi essenziali per la crescita muscolare.</descrizione>
    <costo>3.95</costo>
    <categoria>2</categoria>
    <quantita>54</quantita>
  </prodotto>
  <prodotto id="14">
    <marca>Body Attack</marca>
    <nome>CarbControl Bar 100g</nome>
    <descrizione>Barretta ad alto contenuto proteico arricchita con vitamine morbida e gustosa per la crescita muscolare</descrizione>
    <costo>5.70</costo>
    <categoria>2</categoria>
    <quantita>54</quantita>
  </prodotto>
  <prodotto id="15">
    <marca>Tsunami Nutrition</marca>
    <nome>CASEIN Pure 900 g</nome>
    <descrizione>Integratore a base di Caseina Micellare per sostenere la crescita muscolare anche nel sonno.</descrizione>
    <costo>69.99</costo>
    <categoria>1</categoria>
    <quantita>40</quantita>
  </prodotto>
  <prodotto id="16">
    <marca>+Watt</marca>
    <nome>Barrettone 2.0 70 g</nome>
    <descrizione>Barretta ad alto contenuto di proteine arricchito con fiocchi di soia croccanti.</descrizione>
    <costo>4.30</costo>
    <categoria>2</categoria>
    <quantita>41</quantita>
  </prodotto>
  <prodotto id="17">
    <marca>Why Sport</marca>
    <nome>Protein break 30 g</nome>
    <descrizione>Why Sport Protein Break 30 g, Barretta ad alto contenuto proteico arricchite con creatina Creapure® e glutammina Kyowa Quality®. GLUTEN FREE </descrizione>
    <costo>2.30</costo>
    <categoria>2</categoria>
    <quantita>20</quantita>
  </prodotto>
  <prodotto id="18">
    <marca>+Watt</marca>
    <nome>Tasty Bar 40 g</nome>
    <descrizione>Deliziosa barretta proteica doppio strato ad elevato titolo proteico, pari al 25%, da gustare.</descrizione>
    <costo>2.80</costo>
    <categoria>2</categoria>
    <quantita>25</quantita>
  </prodotto>
  <prodotto id="19">
    <marca>Tsunami Nutrition</marca>
    <nome>Hydro Pure Professional 900 g</nome>
    <descrizione>Proteine idrolizzate del siero del latte certificate Carbery® per favorire la crescita muscolare!</descrizione>
    <costo>119.80</costo>
    <categoria>1</categoria>
    <quantita>30</quantita>
  </prodotto>
  <prodotto id="20">
    <marca>Scientiffic Nutrition</marca>
    <nome>ISOLAT 908g - 100% Proteine Isolate Isolac®</nome>
    <descrizione>Isolac® contiene almeno il 90% di proteine, compresi tutti gli aminoacidi a catena ramificata (BCAA) necessari per lo sviluppo muscolare. Isolac Whey è una fonte di proteine ​​pure di alta qualità.</descrizione>
    <costo>68.80</costo>
    <categoria>1</categoria>
    <quantita>15</quantita>
  </prodotto>
  <prodotto id="21">
    <marca>Scientiffic Nutrition</marca>
    <nome>SEQUENTIAL WHEY 1800g</nome>
    <descrizione>Mix di proteine del siero del latte e caseinato MPI.Concentrato di proteine del siero di latte 80% Latte scremato in polvere, Proteine del latte isolate MPI 90% Cacao naturale in polvere.</descrizione>
    <costo>79.99</costo>
    <categoria>1</categoria>
    <quantita>6</quantita>
  </prodotto>
  <prodotto id="22">
    <marca>Scientiffic Nutrition</marca>
    <nome>Whey protein Go 500g.</nome>
    <descrizione>Proteine del siero di latte con enzimi digestivi Arla® Lacprodan®</descrizione>
    <costo>29.80</costo>
    <categoria>1</categoria>
    <quantita>30</quantita>
  </prodotto>
  <prodotto id="23">
    <marca>Scientiffic Nutrition</marca>
    <nome>Vitamine E Minerali - 60 Cps.</nome>
    <descrizione>Daily Vit è un integratore alimentare con una speciale formula di vitamine e minerali. Particolarmente efficace grazie alle quantità che contiene e che si adatta alle maggiori esigenze delle persone fisicamente attive.</descrizione>
    <costo>15.99</costo>
    <categoria>3</categoria>
    <quantita>16</quantita>
  </prodotto>
  <prodotto id="24">
    <marca>Scientiffic Nutrition</marca>
    <nome>Vitamina B-Complex - 100 Cps</nome>
    <descrizione>Complesso di vitamine del gruppo B.La vitamina B1 e la vitamina B2 contribuiscono alla sintesi dei processi energetici: sono dunque importantissime per consentirci il normale svolgimento delle nostre attività quotidiane ma anche per mantenere un buon tono dell’umore.</descrizione>
    <costo>52.99</costo>
    <categoria>3</categoria>
    <quantita>12</quantita>
  </prodotto>
  <prodotto id="25">
    <marca>Tsunami Nutrition</marca>
    <nome>Vitamin pure 100cps</nome>
    <descrizione>Integratore Multivitaminico naturale e Multiminerale. VEGAN, SENZA GLUTINE, SENZA LATTOSIO</descrizione>
    <costo>16.99</costo>
    <categoria>3</categoria>
    <quantita>25</quantita>
  </prodotto>
  <prodotto id="26">
    <marca>Tsunami Nutrition</marca>
    <nome>Cappello Tsunami Official</nome>
    <descrizione>Cappello da baseball con visiera e stampe 3D del logo ufficiale Tsunami Nutrition.</descrizione>
    <costo>49.99</costo>
    <categoria>4</categoria>
    <quantita>15</quantita>
  </prodotto>
  <prodotto id="27">
    <marca>Tsunami Nutrition</marca>
    <nome>Leggings official donna</nome>
    <descrizione>Comodi e pratici Leggings basic della linea official firmata Tsunami.</descrizione>
    <costo>50.00</costo>
    <categoria>4</categoria>
    <quantita>8</quantita>
  </prodotto>
  <prodotto id="28">
    <marca>Myprotein</marca>
    <nome>Pantaloncini in cotone MP Tempo da uomo - Neri</nome>
    <descrizione>La lunghezza di 18 cm e il tessuto leggero fanno di questi pantaloncini un capo essenziale per il tuo guardaroba sportivo. La stampa MP Training Graphic sul davanti dona un tocco di stile in più.</descrizione>
    <costo>19.99</costo>
    <categoria>4</categoria>
    <quantita>25</quantita>
  </prodotto>
  <prodotto id="29">
    <marca>Myprotein</marca>
    <nome>T-shirt oversize in cotone MP Tempo da uomo - Grigio Slate</nome>
    <descrizione>Questa t-shirt oversize è il miglior "pump cover" di sempre. Con la grafica MP Training Club sul davanti e il tessuto in cotone, questa t-shirt della linea tempo è un capo essenziale per i tuoi allenamenti.</descrizione>
    <costo>25.99</costo>
    <categoria>4</categoria>
    <quantita>12</quantita>
  </prodotto>
  <prodotto id="30">
    <marca>Myprotein</marca>
    <nome>MP Men's Velocity Joggers - Blue Moon</nome>
    <descrizione/>
    <costo>39.99</costo>
    <categoria>4</categoria>
    <quantita>13</quantita>
  </prodotto>
  <prodotto id="31">
    <marca>Myprotein</marca>
    <nome>Borraccia da 3.9 Litri</nome>
    <descrizione>Mantieniti idratato durante qualsiasi attività: questa enorme e resistente bottiglia ti farà fare meno viaggi fino al rubinetto, così che potrai dissetarti più facilmente ovunque ti trovi.</descrizione>
    <costo>11.99</costo>
    <categoria>5</categoria>
    <quantita>50</quantita>
  </prodotto>
  <prodotto id="32">
    <marca>Myprotein</marca>
    <nome>Tappetino Yoga per il recupero</nome>
    <descrizione>È la scelta ottimale per poterti muovere in sicurezza e con il giusto supporto, che si tratti dello stretching dopo una corsa serale o della tua meditazione mattutina.</descrizione>
    <costo>33.99</costo>
    <categoria>5</categoria>
    <quantita>12</quantita>
  </prodotto>
  <prodotto id="33">
    <marca>Myprotein</marca>
    <nome>Shaker in Metallo</nome>
    <descrizione>Realizzato in acciaio inossidabile al 100%, il nostro Shaker in Metallo è perfetto per miscelare integratori fuori casa: dagli integratori per l'aumento del peso e le miscele proteiche, agli aminoacidi e alla creatina, ottieni il massimo dalla tua nutrizione, ovunque tu sia.</descrizione>
    <costo>20.99</costo>
    <categoria>5</categoria>
    <quantita>60</quantita>
  </prodotto>
  <prodotto id="34">
    <marca>Myprotein</marca>
    <nome>Polsiere MYPRO - Nere</nome>
    <descrizione>Progettate con materiale resistente, queste polsiere offrono un supporto e una presa impareggiabili: questo fa di loro un accessorio essenziale. Te ne innamorerai! Lunghezza: 60 cm. Peso: 150 g</descrizione>
    <costo>19.99</costo>
    <categoria>5</categoria>
    <quantita>43</quantita>
  </prodotto>
</prodotti>
