<?xml version="1.0" encoding="UTF-8"?>
<utenti xmlns="http://www.lweb.uni/tesina-rcstore/utenti/">
  <utente id="1" tipo="cliente" email="mario.rossi@gmail.com">
    <attivo>true</attivo>
    <nome>Mario</nome>
    <cognome>Rossi</cognome>
    <telefono>+390773123456</telefono>
    <indirizzo>Via del Corso 104, Latina, Italia</indirizzo>
    <codiceFiscale>RSSMRA83P12E472K</codiceFiscale>
    <credito>1000.00</credito>
    <reputazione>100</reputazione>
    <password>5f4dcc3b5aa765d61d8327deb882cf99</password>
    <dataRegistrazione>2022-10-27</dataRegistrazione>
    <carrello>
      <prodotto id="3" quantita="2"/>
      <prodotto id="6" quantita="2"/>
      <prodotto id="11" quantita="1"/>
      <prodotto id="1" quantita="1"/>
    </carrello>
  </utente>
  <utente id="2" tipo="gestore" email="luigi.bianchi@gmail.com">
    <nome>Luigi</nome>
    <cognome>Bianchi</cognome>
    <password>5f4dcc3b5aa765d61d8327deb882cf99</password>
  </utente>
  <utente id="3" tipo="admin" email="francesco.marroni@gmail.com">
    <nome>Francesco</nome>
    <cognome>Marroni</cognome>
    <password>5f4dcc3b5aa765d61d8327deb882cf99</password>
  </utente>
  <utente id="4" tipo="cliente" email="marco.verdi@gmail.com">
    <attivo>true</attivo>
    <nome>Marco</nome>
    <cognome>Verdi</cognome>
    <telefono>+390773123456</telefono>
    <indirizzo>Via del Corso 104, Latina, Italia</indirizzo>
    <codiceFiscale>ABCDEF81G23X567Z</codiceFiscale>
    <credito>120.00</credito>
    <reputazione>100</reputazione>
    <password>5f4dcc3b5aa765d61d8327deb882cf99</password>
    <dataRegistrazione>2022-10-27</dataRegistrazione>
    <carrello>
      <prodotto id="3" quantita="2"/>
      <prodotto id="6" quantita="2"/>
      <prodotto id="11" quantita="1"/>
    </carrello>
  </utente>
  <utente id="5" tipo="cliente" email="luca.gialli@gmail.com">
    <attivo>true</attivo>
    <nome>Luca</nome>
    <cognome>Gialli</cognome>
    <telefono>+390773123456</telefono>
    <indirizzo>Via Marconi 12, Latina, Italia</indirizzo>
    <codiceFiscale>ABCDEF81G23X567Z</codiceFiscale>
    <credito>150.00</credito>
    <reputazione>30</reputazione>
    <password>5f4dcc3b5aa765d61d8327deb882cf99</password>
    <dataRegistrazione>2023-02-10</dataRegistrazione>
    <carrello/>
  </utente>
  <utente id="6" tipo="cliente" email="federico.napoli@gmail.com">
    <attivo>false</attivo>
    <nome>Federico</nome>
    <cognome>Napoli</cognome>
    <telefono>+3907738544289</telefono>
    <indirizzo>Via Nomentana 274, Roma, Italy</indirizzo>
    <codiceFiscale>ABCDEF81G23X567Z</codiceFiscale>
    <credito>296</credito>
    <reputazione>63</reputazione>
    <password>5f4dcc3b5aa765d61d8327deb882cf99</password>
    <dataRegistrazione>2022-01-02</dataRegistrazione>
    <carrello/>
  </utente>
  <utente id="7" tipo="cliente" email="rossana.filippi@gmail.com">
    <attivo>false</attivo>
    <nome>Rossana</nome>
    <cognome>Filippi</cognome>
    <telefono>+3907731940945</telefono>
    <indirizzo>Via Nomentana 274, Roma, Italy</indirizzo>
    <codiceFiscale>ABCDEF81G23X567Z</codiceFiscale>
    <credito>67</credito>
    <reputazione>381</reputazione>
    <password>5f4dcc3b5aa765d61d8327deb882cf99</password>
    <dataRegistrazione>2019-03-27</dataRegistrazione>
    <carrello/>
  </utente>
  <utente id="8" tipo="cliente" email="giulia.capasso@gmail.com">
    <attivo>false</attivo>
    <nome>Giulia</nome>
    <cognome>Capasso</cognome>
    <telefono>+3907732321035</telefono>
    <indirizzo>Via Nomentana 274, Roma, Italy</indirizzo>
    <codiceFiscale>ABCDEF81G23X567Z</codiceFiscale>
    <credito>57</credito>
    <reputazione>848</reputazione>
    <password>5f4dcc3b5aa765d61d8327deb882cf99</password>
    <dataRegistrazione>2017-04-04</dataRegistrazione>
    <carrello/>
  </utente>
  <utente id="9" tipo="cliente" email="sergio.rossini@gmail.com">
    <attivo>false</attivo>
    <nome>Sergio</nome>
    <cognome>Rossini</cognome>
    <telefono>+3907732737862</telefono>
    <indirizzo>Via Nomentana 274, Roma, Italy</indirizzo>
    <codiceFiscale>ABCDEF81G23X567Z</codiceFiscale>
    <credito>108</credito>
    <reputazione>129</reputazione>
    <password>5f4dcc3b5aa765d61d8327deb882cf99</password>
    <dataRegistrazione>2021-04-02</dataRegistrazione>
    <carrello/>
  </utente>
  <utente id="10" tipo="cliente" email="renato.monti@gmail.com">
    <attivo>false</attivo>
    <nome>Renato</nome>
    <cognome>Monti</cognome>
    <telefono>+3907739684726</telefono>
    <indirizzo>Via Nomentana 274, Roma, Italy</indirizzo>
    <codiceFiscale>ABCDEF81G23X567Z</codiceFiscale>
    <credito>61</credito>
    <reputazione>381</reputazione>
    <password>5f4dcc3b5aa765d61d8327deb882cf99</password>
    <dataRegistrazione>2022-10-20</dataRegistrazione>
    <carrello/>
  </utente>
  <utente id="11" tipo="cliente" email="ignazio.carta@gmail.com">
    <attivo>false</attivo>
    <nome>Ignazio</nome>
    <cognome>Carta</cognome>
    <telefono>+3907733799473</telefono>
    <indirizzo>Via Nomentana 274, Roma, Italy</indirizzo>
    <codiceFiscale>ABCDEF81G23X567Z</codiceFiscale>
    <credito>124</credito>
    <reputazione>916</reputazione>
    <password>5f4dcc3b5aa765d61d8327deb882cf99</password>
    <dataRegistrazione>2023-02-23</dataRegistrazione>
    <carrello/>
  </utente>
  <utente id="12" tipo="cliente" email="giorgio.santini@gmail.com">
    <attivo>true</attivo>
    <nome>Giorgio</nome>
    <cognome>Santini</cognome>
    <telefono>+3907731495732</telefono>
    <indirizzo>Via Nomentana 274, Roma, Italy</indirizzo>
    <codiceFiscale>ABCDEF81G23X567Z</codiceFiscale>
    <credito>280</credito>
    <reputazione>518</reputazione>
    <password>5f4dcc3b5aa765d61d8327deb882cf99</password>
    <dataRegistrazione>2018-03-27</dataRegistrazione>
    <carrello/>
  </utente>
</utenti>
